{
    "camera_models": {
        "cam_model_cif2": {
            "type": "DoubleSphere",
            "xi": -0.19201647627340088,
            "alpha": 0.5936112319073433,
            "fx": 236.56688833674508,
            "fy": 237.477869061023,
            "cx": 606.0625177183193,
            "cy": 501.46107418758805,
            "fov_degree": 195.0,
            "shape_struct": {
                "H": 1028,
                "W": 1224
            },
            "in_to_tensor": true,
            "out_to_numpy": false
        },
        "cam_model_cif1": {
            "type": "DoubleSphere",
            "xi": -0.19707286467181095,
            "alpha": 0.5921287346186913,
            "fx": 234.9597018206096,
            "fy": 235.84346932921812,
            "cx": 606.8235817380444,
            "cy": 508.90194952261993,
            "fov_degree": 195.0,
            "shape_struct": {
                "H": 1028,
                "W": 1224
            },
            "in_to_tensor": true,
            "out_to_numpy": false
        },
        "cam_model_cif0": {
            "type": "DoubleSphere",
            "xi": -0.19454529254240757,
            "alpha": 0.5923473155852407,
            "fx": 235.48792475895905,
            "fy": 236.39376653424492,
            "cx": 606.4231301998961,
            "cy": 510.0633781408762,
            "fov_degree": 195.0,
            "shape_struct": {
                "H": 1028,
                "W": 1224
            },
            "in_to_tensor": true,
            "out_to_numpy": false
        }
    }
}